name,alpha-2,alpha-3,country-code,iso_3166-2,region,sub-region,intermediate-region,region-code,sub-region-code,intermediate-region-code
Afghanistan,AF,AFG,004,ISO 3166-2:AF,Asia,Southern Asia,"",142,034,""
Argentina,AR,ARG,032,ISO 3166-2:AR,Americas,Latin America and the Caribbean,South America,019,419,005
Australia,AU,AUS,036,ISO 3166-2:AU,Oceania,Australia and New Zealand,"",009,053,""
Austria,AT,AUT,040,ISO 3166-2:AT,Europe,Western Europe,"",150,155,""
Bangladesh,BD,BGD,050,ISO 3166-2:BD,Asia,Southern Asia,"",142,034,""
Barbados,BB,BRB,052,ISO 3166-2:BB,Americas,Latin America and the Caribbean,Caribbean,019,419,029
Belgium,BE,BEL,056,ISO 3166-2:BE,Europe,Western Europe,"",150,155,""
Bolivia (Plurinational State of),BO,BOL,068,ISO 3166-2:BO,Americas,Latin America and the Caribbean,South America,019,419,005
Bosnia and Herzegovina,BA,BIH,070,ISO 3166-2:BA,Europe,Southern Europe,"",150,039,""
Botswana,BW,BWA,072,ISO 3166-2:BW,Africa,Sub-Saharan Africa,Southern Africa,002,202,018
Brazil,BR,BRA,076,ISO 3166-2:BR,Americas,Latin America and the Caribbean,South America,019,419,005
Brunei Darussalam,BN,BRN,096,ISO 3166-2:BN,Asia,South-eastern Asia,"",142,035,""
Bulgaria,BG,BGR,100,ISO 3166-2:BG,Europe,Eastern Europe,"",150,151,""
Burkina Faso,BF,BFA,854,ISO 3166-2:BF,Africa,Sub-Saharan Africa,Western Africa,002,202,011
Cambodia,KH,KHM,116,ISO 3166-2:KH,Asia,South-eastern Asia,"",142,035,""
Cameroon,CM,CMR,120,ISO 3166-2:CM,Africa,Sub-Saharan Africa,Middle Africa,002,202,017
Canada,CA,CAN,124,ISO 3166-2:CA,Americas,Northern America,"",019,021,""
Central African Republic,CF,CAF,140,ISO 3166-2:CF,Africa,Sub-Saharan Africa,Middle Africa,002,202,017
Chad,TD,TCD,148,ISO 3166-2:TD,Africa,Sub-Saharan Africa,Middle Africa,002,202,017
Chile,CL,CHL,152,ISO 3166-2:CL,Americas,Latin America and the Caribbean,South America,019,419,005
China,CN,CHN,156,ISO 3166-2:CN,Asia,Eastern Asia,"",142,030,""
Christmas Island,CX,CXR,162,ISO 3166-2:CX,Oceania,Australia and New Zealand,"",009,053,""
Colombia,CO,COL,170,ISO 3166-2:CO,Americas,Latin America and the Caribbean,South America,019,419,005
Congo,CG,COG,178,ISO 3166-2:CG,Africa,Sub-Saharan Africa,Middle Africa,002,202,017
"Congo, Democratic Republic of the",CD,COD,180,ISO 3166-2:CD,Africa,Sub-Saharan Africa,Middle Africa,002,202,017
Cook Islands,CK,COK,184,ISO 3166-2:CK,Oceania,Polynesia,"",009,061,""
Costa Rica,CR,CRI,188,ISO 3166-2:CR,Americas,Latin America and the Caribbean,Central America,019,419,013
Croatia,HR,HRV,191,ISO 3166-2:HR,Europe,Southern Europe,"",150,039,""
Cuba,CU,CUB,192,ISO 3166-2:CU,Americas,Latin America and the Caribbean,Caribbean,019,419,029
Cura√ßao,CW,CUW,531,ISO 3166-2:CW,Americas,Latin America and the Caribbean,Caribbean,019,419,029
Czechia,CZ,CZE,203,ISO 3166-2:CZ,Europe,Eastern Europe,"",150,151,""
Denmark,DK,DNK,208,ISO 3166-2:DK,Europe,Northern Europe,"",150,154,""
Dominican Republic,DO,DOM,214,ISO 3166-2:DO,Americas,Latin America and the Caribbean,Caribbean,019,419,029
Ecuador,EC,ECU,218,ISO 3166-2:EC,Americas,Latin America and the Caribbean,South America,019,419,005
Egypt,EG,EGY,818,ISO 3166-2:EG,Africa,Northern Africa,"",002,015,""
Equatorial Guinea,GQ,GNQ,226,ISO 3166-2:GQ,Africa,Sub-Saharan Africa,Middle Africa,002,202,017
Estonia,EE,EST,233,ISO 3166-2:EE,Europe,Northern Europe,"",150,154,""
Eswatini,SZ,SWZ,748,ISO 3166-2:SZ,Africa,Sub-Saharan Africa,Southern Africa,002,202,018
Ethiopia,ET,ETH,231,ISO 3166-2:ET,Africa,Sub-Saharan Africa,Eastern Africa,002,202,014
Finland,FI,FIN,246,ISO 3166-2:FI,Europe,Northern Europe,"",150,154,""
France,FR,FRA,250,ISO 3166-2:FR,Europe,Western Europe,"",150,155,""
Georgia,GE,GEO,268,ISO 3166-2:GE,Asia,Western Asia,"",142,145,""
Germany,DE,DEU,276,ISO 3166-2:DE,Europe,Western Europe,"",150,155,""
Ghana,GH,GHA,288,ISO 3166-2:GH,Africa,Sub-Saharan Africa,Western Africa,002,202,011
Greece,GR,GRC,300,ISO 3166-2:GR,Europe,Southern Europe,"",150,039,""
Honduras,HN,HND,340,ISO 3166-2:HN,Americas,Latin America and the Caribbean,Central America,019,419,013
Hong Kong,HK,HKG,344,ISO 3166-2:HK,Asia,Eastern Asia,"",142,030,""
Hungary,HU,HUN,348,ISO 3166-2:HU,Europe,Eastern Europe,"",150,151,""
India,IN,IND,356,ISO 3166-2:IN,Asia,Southern Asia,"",142,034,""
Indonesia,ID,IDN,360,ISO 3166-2:ID,Asia,South-eastern Asia,"",142,035,""
Iran (Islamic Republic of),IR,IRN,364,ISO 3166-2:IR,Asia,Southern Asia,"",142,034,""
Iraq,IQ,IRQ,368,ISO 3166-2:IQ,Asia,Western Asia,"",142,145,""
Ireland,IE,IRL,372,ISO 3166-2:IE,Europe,Northern Europe,"",150,154,""
Israel,IL,ISR,376,ISO 3166-2:IL,Asia,Western Asia,"",142,145,""
Italy,IT,ITA,380,ISO 3166-2:IT,Europe,Southern Europe,"",150,039,""
Jamaica,JM,JAM,388,ISO 3166-2:JM,Americas,Latin America and the Caribbean,Caribbean,019,419,029
Japan,JP,JPN,392,ISO 3166-2:JP,Asia,Eastern Asia,"",142,030,""
Jordan,JO,JOR,400,ISO 3166-2:JO,Asia,Western Asia,"",142,145,""
Kazakhstan,KZ,KAZ,398,ISO 3166-2:KZ,Asia,Central Asia,"",142,143,""
Kenya,KE,KEN,404,ISO 3166-2:KE,Africa,Sub-Saharan Africa,Eastern Africa,002,202,014
"Korea, Republic of",KR,KOR,410,ISO 3166-2:KR,Asia,Eastern Asia,"",142,030,""
Kuwait,KW,KWT,414,ISO 3166-2:KW,Asia,Western Asia,"",142,145,""
Kyrgyzstan,KG,KGZ,417,ISO 3166-2:KG,Asia,Central Asia,"",142,143,""
Latvia,LV,LVA,428,ISO 3166-2:LV,Europe,Northern Europe,"",150,154,""
Lebanon,LB,LBN,422,ISO 3166-2:LB,Asia,Western Asia,"",142,145,""
Macao,MO,MAC,446,ISO 3166-2:MO,Asia,Eastern Asia,"",142,030,""
Malaysia,MY,MYS,458,ISO 3166-2:MY,Asia,South-eastern Asia,"",142,035,""
Mexico,MX,MEX,484,ISO 3166-2:MX,Americas,Latin America and the Caribbean,Central America,019,419,013
Monaco,MC,MCO,492,ISO 3166-2:MC,Europe,Western Europe,"",150,155,""
Mongolia,MN,MNG,496,ISO 3166-2:MN,Asia,Eastern Asia,"",142,030,""
Morocco,MA,MAR,504,ISO 3166-2:MA,Africa,Northern Africa,"",002,015,""
Mozambique,MZ,MOZ,508,ISO 3166-2:MZ,Africa,Sub-Saharan Africa,Eastern Africa,002,202,014
Netherlands,NL,NLD,528,ISO 3166-2:NL,Europe,Western Europe,"",150,155,""
New Zealand,NZ,NZL,554,ISO 3166-2:NZ,Oceania,Australia and New Zealand,"",009,053,""
Nicaragua,NI,NIC,558,ISO 3166-2:NI,Americas,Latin America and the Caribbean,Central America,019,419,013
Niger,NE,NER,562,ISO 3166-2:NE,Africa,Sub-Saharan Africa,Western Africa,002,202,011
Nigeria,NG,NGA,566,ISO 3166-2:NG,Africa,Sub-Saharan Africa,Western Africa,002,202,011
Pakistan,PK,PAK,586,ISO 3166-2:PK,Asia,Southern Asia,"",142,034,""
"Palestine, State of",PS,PSE,275,ISO 3166-2:PS,Asia,Western Asia,"",142,145,""
Panama,PA,PAN,591,ISO 3166-2:PA,Americas,Latin America and the Caribbean,Central America,019,419,013
Paraguay,PY,PRY,600,ISO 3166-2:PY,Americas,Latin America and the Caribbean,South America,019,419,005
Peru,PE,PER,604,ISO 3166-2:PE,Americas,Latin America and the Caribbean,South America,019,419,005
Philippines,PH,PHL,608,ISO 3166-2:PH,Asia,South-eastern Asia,"",142,035,""
Poland,PL,POL,616,ISO 3166-2:PL,Europe,Eastern Europe,"",150,151,""
Portugal,PT,PRT,620,ISO 3166-2:PT,Europe,Southern Europe,"",150,039,""
Puerto Rico,PR,PRI,630,ISO 3166-2:PR,Americas,Latin America and the Caribbean,Caribbean,019,419,029
Qatar,QA,QAT,634,ISO 3166-2:QA,Asia,Western Asia,"",142,145,""
Russian Federation,RU,RUS,643,ISO 3166-2:RU,Europe,Eastern Europe,"",150,151,""
Saudi Arabia,SA,SAU,682,ISO 3166-2:SA,Asia,Western Asia,"",142,145,""
Senegal,SN,SEN,686,ISO 3166-2:SN,Africa,Sub-Saharan Africa,Western Africa,002,202,011
Serbia,RS,SRB,688,ISO 3166-2:RS,Europe,Southern Europe,"",150,039,""
Sierra Leone,SL,SLE,694,ISO 3166-2:SL,Africa,Sub-Saharan Africa,Western Africa,002,202,011
Singapore,SG,SGP,702,ISO 3166-2:SG,Asia,South-eastern Asia,"",142,035,""
Somalia,SO,SOM,706,ISO 3166-2:SO,Africa,Sub-Saharan Africa,Eastern Africa,002,202,014
South Africa,ZA,ZAF,710,ISO 3166-2:ZA,Africa,Sub-Saharan Africa,Southern Africa,002,202,018
South Georgia and the South Sandwich Islands,GS,SGS,239,ISO 3166-2:GS,Americas,Latin America and the Caribbean,South America,019,419,005
South Sudan,SS,SSD,728,ISO 3166-2:SS,Africa,Sub-Saharan Africa,Eastern Africa,002,202,014
Spain,ES,ESP,724,ISO 3166-2:ES,Europe,Southern Europe,"",150,039,""
Sri Lanka,LK,LKA,144,ISO 3166-2:LK,Asia,Southern Asia,"",142,034,""
Sweden,SE,SWE,752,ISO 3166-2:SE,Europe,Northern Europe,"",150,154,""
Switzerland,CH,CHE,756,ISO 3166-2:CH,Europe,Western Europe,"",150,155,""
Syrian Arab Republic,SY,SYR,760,ISO 3166-2:SY,Asia,Western Asia,"",142,145,""
"Taiwan, Province of China",TW,TWN,158,ISO 3166-2:TW,Asia,Eastern Asia,"",142,030,""
Thailand,TH,THA,764,ISO 3166-2:TH,Asia,South-eastern Asia,"",142,035,""
Turkey,TR,TUR,792,ISO 3166-2:TR,Asia,Western Asia,"",142,145,""
Ukraine,UA,UKR,804,ISO 3166-2:UA,Europe,Eastern Europe,"",150,151,""
United Arab Emirates,AE,ARE,784,ISO 3166-2:AE,Asia,Western Asia,"",142,145,""
United Kingdom of Great Britain and Northern Ireland,GB,GBR,826,ISO 3166-2:GB,Europe,Northern Europe,"",150,154,""
United States of America,US,USA,840,ISO 3166-2:US,Americas,Northern America,"",019,021,""
Uruguay,UY,URY,858,ISO 3166-2:UY,Americas,Latin America and the Caribbean,South America,019,419,005
Venezuela (Bolivarian Republic of),VE,VEN,862,ISO 3166-2:VE,Americas,Latin America and the Caribbean,South America,019,419,005
Viet Nam,VN,VNM,704,ISO 3166-2:VN,Asia,South-eastern Asia,"",142,035,""
